{
	"class_name" : "PinholeCameraParameters",
	"extrinsic" : 
	[
		-0.12068490007072177,
		0.80205553618364189,
		-0.58492911687835369,
		0.0,
		0.89902950436636608,
		0.33816126572332328,
		0.27819580989505627,
		0.0,
		0.42092885999143159,
		-0.49229450051932405,
		-0.7618825497310876,
		0.0,
		2.4801901844886443,
		0.95045226212502865,
		6.3199885438698935,
		1.0
	],
	"intrinsic" : 
	{
		"height" : 720,
		"intrinsic_matrix" : 
		[
			623.53829072479584,
			0.0,
			0.0,
			0.0,
			623.53829072479584,
			0.0,
			639.5,
			359.5,
			1.0
		],
		"width" : 1280
	},
	"version_major" : 1,
	"version_minor" : 0
}